resno,location_id,locationDetail_id,foodMenu_id,imgno,img_url,img_nm,date
1,1,1,1,503,food_images\food_pizza_1_1.jpg,food_pizza_1_1.jpg,2026-01-08 09:42:09
1,1,1,1,504,food_images\food_pizza_1_2.jpg,food_pizza_1_2.jpg,2026-01-08 09:42:10
1,1,1,2,505,food_images\food_pizza_2_1.jpg,food_pizza_2_1.jpg,2026-01-08 09:42:15
1,1,1,2,506,food_images\food_pizza_2_2.jpg,food_pizza_2_2.jpg,2026-01-08 09:42:16
1,1,1,3,507,food_images\food_pizza_3_1.jpg,food_pizza_3_1.jpg,2026-01-08 09:42:22
1,1,1,3,508,food_images\food_pizza_3_2.jpg,food_pizza_3_2.jpg,2026-01-08 09:42:22
1,1,1,4,509,food_images\food_pizza_4_1.jpg,food_pizza_4_1.jpg,2026-01-08 09:42:28
1,1,1,4,510,food_images\food_pizza_4_2.jpg,food_pizza_4_2.jpg,2026-01-08 09:42:28
1,1,1,5,511,food_images\food_pizza_5_1.jpg,food_pizza_5_1.jpg,2026-01-08 09:42:34
1,1,1,5,512,food_images\food_pizza_5_2.jpg,food_pizza_5_2.jpg,2026-01-08 09:42:34
1,1,1,6,513,food_images\food_pizza_6_1.jpg,food_pizza_6_1.jpg,2026-01-08 09:42:40
1,1,1,6,514,food_images\food_pizza_6_2.jpg,food_pizza_6_2.jpg,2026-01-08 09:42:40
1,1,1,7,515,food_images\food_pizza_7_1.jpg,food_pizza_7_1.jpg,2026-01-08 09:42:46
1,1,1,7,516,food_images\food_pizza_7_2.jpg,food_pizza_7_2.jpg,2026-01-08 09:42:46
1,1,1,8,517,food_images\food_pizza_8_1.jpg,food_pizza_8_1.jpg,2026-01-08 09:42:52
1,1,1,8,518,food_images\food_pizza_8_2.jpg,food_pizza_8_2.jpg,2026-01-08 09:42:52
1,1,1,9,519,food_images\food_pizza_9_1.jpg,food_pizza_9_1.jpg,2026-01-08 09:42:58
1,1,1,9,520,food_images\food_pizza_9_2.jpg,food_pizza_9_2.jpg,2026-01-08 09:42:58
2,1,2,10,521,food_images\food_pizza_10_1.jpg,food_pizza_10_1.jpg,2026-01-08 09:43:04
2,1,2,10,522,food_images\food_pizza_10_2.jpg,food_pizza_10_2.jpg,2026-01-08 09:43:05
2,1,2,11,523,food_images\food_pizza_11_1.jpg,food_pizza_11_1.jpg,2026-01-08 09:43:10
2,1,2,11,524,food_images\food_pizza_11_2.jpg,food_pizza_11_2.jpg,2026-01-08 09:43:11
2,1,2,12,525,food_images\food_pizza_12_1.jpg,food_pizza_12_1.jpg,2026-01-08 09:43:16
2,1,2,12,526,food_images\food_pizza_12_2.jpg,food_pizza_12_2.jpg,2026-01-08 09:43:17
2,1,2,13,527,food_images\food_pizza_13_1.jpg,food_pizza_13_1.jpg,2026-01-08 09:43:23
2,1,2,13,528,food_images\food_pizza_13_2.jpg,food_pizza_13_2.jpg,2026-01-08 09:43:23
2,1,2,14,529,food_images\food_pizza_14_1.jpg,food_pizza_14_1.jpg,2026-01-08 09:43:29
2,1,2,14,530,food_images\food_pizza_14_2.jpg,food_pizza_14_2.jpg,2026-01-08 09:43:29
2,1,2,15,531,food_images\food_pizza_15_1.jpg,food_pizza_15_1.jpg,2026-01-08 09:43:35
2,1,2,15,532,food_images\food_pizza_15_2.jpg,food_pizza_15_2.jpg,2026-01-08 09:43:35
2,1,2,16,533,food_images\food_pizza_16_1.jpg,food_pizza_16_1.jpg,2026-01-08 09:43:41
2,1,2,16,534,food_images\food_pizza_16_2.jpg,food_pizza_16_2.jpg,2026-01-08 09:43:41
2,1,2,17,535,food_images\food_pizza_17_1.jpg,food_pizza_17_1.jpg,2026-01-08 09:43:47
2,1,2,17,536,food_images\food_pizza_17_2.jpg,food_pizza_17_2.jpg,2026-01-08 09:43:47
2,1,2,18,537,food_images\food_pizza_18_1.jpg,food_pizza_18_1.jpg,2026-01-08 09:43:53
2,1,2,18,538,food_images\food_pizza_18_2.jpg,food_pizza_18_2.jpg,2026-01-08 09:43:53
2,1,2,19,539,food_images\food_pizza_19_1.jpg,food_pizza_19_1.jpg,2026-01-08 09:43:59
2,1,2,19,540,food_images\food_pizza_19_2.jpg,food_pizza_19_2.jpg,2026-01-08 09:44:00
3,1,3,20,541,food_images\food_pizza_20_1.jpg,food_pizza_20_1.jpg,2026-01-08 09:44:05
3,1,3,20,542,food_images\food_pizza_20_2.jpg,food_pizza_20_2.jpg,2026-01-08 09:44:05
3,1,3,21,543,food_images\food_pizza_21_1.jpg,food_pizza_21_1.jpg,2026-01-08 09:44:11
3,1,3,21,544,food_images\food_pizza_21_2.jpg,food_pizza_21_2.jpg,2026-01-08 09:44:11
3,1,3,22,545,food_images\food_pizza_22_1.jpg,food_pizza_22_1.jpg,2026-01-08 09:44:17
3,1,3,22,546,food_images\food_pizza_22_2.jpg,food_pizza_22_2.jpg,2026-01-08 09:44:17
3,1,3,23,547,food_images\food_pizza_23_1.jpg,food_pizza_23_1.jpg,2026-01-08 09:44:23
3,1,3,23,548,food_images\food_pizza_23_2.jpg,food_pizza_23_2.jpg,2026-01-08 09:44:24
3,1,3,24,549,food_images\food_pizza_24_1.jpg,food_pizza_24_1.jpg,2026-01-08 09:44:29
3,1,3,24,550,food_images\food_pizza_24_2.jpg,food_pizza_24_2.jpg,2026-01-08 09:44:29
4,1,4,25,551,food_images\food_pizza_25_1.jpg,food_pizza_25_1.jpg,2026-01-08 09:44:35
4,1,4,25,552,food_images\food_pizza_25_2.jpg,food_pizza_25_2.jpg,2026-01-08 09:44:36
4,1,4,26,553,food_images\food_pizza_26_1.jpg,food_pizza_26_1.jpg,2026-01-08 09:44:41
4,1,4,26,554,food_images\food_pizza_26_2.jpg,food_pizza_26_2.jpg,2026-01-08 09:44:42
4,1,4,27,555,food_images\food_pizza_27_1.jpg,food_pizza_27_1.jpg,2026-01-08 09:44:47
4,1,4,27,556,food_images\food_pizza_27_2.jpg,food_pizza_27_2.jpg,2026-01-08 09:44:48
4,1,4,28,557,food_images\food_pizza_28_1.jpg,food_pizza_28_1.jpg,2026-01-08 09:44:53
4,1,4,28,558,food_images\food_pizza_28_2.jpg,food_pizza_28_2.jpg,2026-01-08 09:44:54
4,1,4,29,559,food_images\food_pizza_29_1.jpg,food_pizza_29_1.jpg,2026-01-08 09:44:59
4,1,4,29,560,food_images\food_pizza_29_2.jpg,food_pizza_29_2.jpg,2026-01-08 09:45:00
5,1,4,30,561,food_images\food_pizza_30_1.jpg,food_pizza_30_1.jpg,2026-01-08 09:45:05
5,1,4,30,562,food_images\food_pizza_30_2.jpg,food_pizza_30_2.jpg,2026-01-08 09:45:06
5,1,4,31,563,food_images\food_pizza_31_1.jpg,food_pizza_31_1.jpg,2026-01-08 09:45:12
5,1,4,31,564,food_images\food_pizza_31_2.jpg,food_pizza_31_2.jpg,2026-01-08 09:45:12
5,1,4,32,565,food_images\food_pizza_32_1.jpg,food_pizza_32_1.jpg,2026-01-08 09:45:18
5,1,4,32,566,food_images\food_pizza_32_2.jpg,food_pizza_32_2.jpg,2026-01-08 09:45:18
6,1,4,33,567,food_images\food_pizza_33_1.jpg,food_pizza_33_1.jpg,2026-01-08 09:45:24
6,1,4,33,568,food_images\food_pizza_33_2.jpg,food_pizza_33_2.jpg,2026-01-08 09:45:24
6,1,4,34,569,food_images\food_pizza_34_1.jpg,food_pizza_34_1.jpg,2026-01-08 09:45:30
6,1,4,34,570,food_images\food_pizza_34_2.jpg,food_pizza_34_2.jpg,2026-01-08 09:45:30
6,1,4,35,571,food_images\food_pizza_35_1.jpg,food_pizza_35_1.jpg,2026-01-08 09:45:36
6,1,4,35,572,food_images\food_pizza_35_2.jpg,food_pizza_35_2.jpg,2026-01-08 09:45:37
7,1,5,36,573,food_images\food_pizza_36_1.jpg,food_pizza_36_1.jpg,2026-01-08 09:45:42
7,1,5,36,574,food_images\food_pizza_36_2.jpg,food_pizza_36_2.jpg,2026-01-08 09:45:43
7,1,5,37,575,food_images\food_pizza_37_1.jpg,food_pizza_37_1.jpg,2026-01-08 09:45:48
7,1,5,37,576,food_images\food_pizza_37_2.jpg,food_pizza_37_2.jpg,2026-01-08 09:45:49
7,1,5,38,577,food_images\food_pizza_38_1.jpg,food_pizza_38_1.jpg,2026-01-08 09:45:55
7,1,5,38,578,food_images\food_pizza_38_2.jpg,food_pizza_38_2.jpg,2026-01-08 09:45:55
7,1,5,39,579,food_images\food_pizza_39_1.jpg,food_pizza_39_1.jpg,2026-01-08 09:46:01
7,1,5,39,580,food_images\food_pizza_39_2.jpg,food_pizza_39_2.jpg,2026-01-08 09:46:01
7,1,5,40,581,food_images\food_pizza_40_1.jpg,food_pizza_40_1.jpg,2026-01-08 09:46:07
7,1,5,40,582,food_images\food_pizza_40_2.jpg,food_pizza_40_2.jpg,2026-01-08 09:46:07
7,1,5,41,583,food_images\food_pizza_41_1.jpg,food_pizza_41_1.jpg,2026-01-08 09:46:13
7,1,5,41,584,food_images\food_pizza_41_2.jpg,food_pizza_41_2.jpg,2026-01-08 09:46:13
7,1,5,42,585,food_images\food_pizza_42_1.jpg,food_pizza_42_1.jpg,2026-01-08 09:46:19
7,1,5,42,586,food_images\food_pizza_42_2.jpg,food_pizza_42_2.jpg,2026-01-08 09:46:19
7,1,5,43,587,food_images\food_pizza_43_1.jpg,food_pizza_43_1.jpg,2026-01-08 09:46:25
7,1,5,43,588,food_images\food_pizza_43_2.jpg,food_pizza_43_2.jpg,2026-01-08 09:46:25
8,1,5,44,589,food_images\food_pizza_44_1.jpg,food_pizza_44_1.jpg,2026-01-08 09:46:31
8,1,5,44,590,food_images\food_pizza_44_2.jpg,food_pizza_44_2.jpg,2026-01-08 09:46:31
8,1,5,45,591,food_images\food_pizza_45_1.jpg,food_pizza_45_1.jpg,2026-01-08 09:46:37
8,1,5,45,592,food_images\food_pizza_45_2.jpg,food_pizza_45_2.jpg,2026-01-08 09:46:37
8,1,5,46,593,food_images\food_pizza_46_1.jpg,food_pizza_46_1.jpg,2026-01-08 09:46:43
8,1,5,46,594,food_images\food_pizza_46_2.jpg,food_pizza_46_2.jpg,2026-01-08 09:46:43
8,1,5,47,595,food_images\food_pizza_47_1.jpg,food_pizza_47_1.jpg,2026-01-08 09:46:49
8,1,5,47,596,food_images\food_pizza_47_2.jpg,food_pizza_47_2.jpg,2026-01-08 09:46:49
8,1,5,48,597,food_images\food_pizza_48_1.jpg,food_pizza_48_1.jpg,2026-01-08 09:46:55
8,1,5,48,598,food_images\food_pizza_48_2.jpg,food_pizza_48_2.jpg,2026-01-08 09:46:55
8,1,5,49,599,food_images\food_pizza_49_1.jpg,food_pizza_49_1.jpg,2026-01-08 09:47:01
8,1,5,49,600,food_images\food_pizza_49_2.jpg,food_pizza_49_2.jpg,2026-01-08 09:47:01
8,1,5,50,601,food_images\food_pizza_50_1.jpg,food_pizza_50_1.jpg,2026-01-08 09:47:07
8,1,5,50,602,food_images\food_pizza_50_2.jpg,food_pizza_50_2.jpg,2026-01-08 09:47:07
8,1,5,51,603,food_images\food_pizza_51_1.jpg,food_pizza_51_1.jpg,2026-01-08 09:47:12
8,1,5,51,604,food_images\food_pizza_51_2.jpg,food_pizza_51_2.jpg,2026-01-08 09:47:13
8,1,5,52,605,food_images\food_pizza_52_1.jpg,food_pizza_52_1.jpg,2026-01-08 09:47:18
8,1,5,52,606,food_images\food_pizza_52_2.jpg,food_pizza_52_2.jpg,2026-01-08 09:47:19
8,1,5,53,607,food_images\food_pizza_53_1.jpg,food_pizza_53_1.jpg,2026-01-08 09:47:24
8,1,5,53,608,food_images\food_pizza_53_2.jpg,food_pizza_53_2.jpg,2026-01-08 09:47:24
8,1,5,54,609,food_images\food_pizza_54_1.jpg,food_pizza_54_1.jpg,2026-01-08 09:47:30
8,1,5,54,610,food_images\food_pizza_54_2.jpg,food_pizza_54_2.jpg,2026-01-08 09:47:30
8,1,5,55,611,food_images\food_pizza_55_1.jpg,food_pizza_55_1.jpg,2026-01-08 09:47:36
8,1,5,55,612,food_images\food_pizza_55_2.jpg,food_pizza_55_2.jpg,2026-01-08 09:47:36
9,1,5,56,613,food_images\food_pizza_56_1.jpg,food_pizza_56_1.jpg,2026-01-08 09:47:42
9,1,5,56,614,food_images\food_pizza_56_2.jpg,food_pizza_56_2.jpg,2026-01-08 09:47:42
9,1,5,57,615,food_images\food_pizza_57_1.jpg,food_pizza_57_1.jpg,2026-01-08 09:47:48
9,1,5,57,616,food_images\food_pizza_57_2.jpg,food_pizza_57_2.jpg,2026-01-08 09:47:48
9,1,5,58,617,food_images\food_pizza_58_1.jpg,food_pizza_58_1.jpg,2026-01-08 09:47:54
9,1,5,58,618,food_images\food_pizza_58_2.jpg,food_pizza_58_2.jpg,2026-01-08 09:47:54
10,1,6,59,619,food_images\food_pizza_59_1.jpg,food_pizza_59_1.jpg,2026-01-08 09:48:00
10,1,6,59,620,food_images\food_pizza_59_2.jpg,food_pizza_59_2.jpg,2026-01-08 09:48:00
10,1,6,60,621,food_images\food_pizza_60_1.jpg,food_pizza_60_1.jpg,2026-01-08 09:48:06
10,1,6,60,622,food_images\food_pizza_60_2.jpg,food_pizza_60_2.jpg,2026-01-08 09:48:06
10,1,6,61,623,food_images\food_pizza_61_1.jpg,food_pizza_61_1.jpg,2026-01-08 09:48:12
10,1,6,61,624,food_images\food_pizza_61_2.jpg,food_pizza_61_2.jpg,2026-01-08 09:48:12
10,1,6,62,625,food_images\food_pizza_62_1.jpg,food_pizza_62_1.jpg,2026-01-08 09:48:18
10,1,6,62,626,food_images\food_pizza_62_2.jpg,food_pizza_62_2.jpg,2026-01-08 09:48:18
10,1,6,63,627,food_images\food_pizza_63_1.jpg,food_pizza_63_1.jpg,2026-01-08 09:48:24
10,1,6,63,628,food_images\food_pizza_63_2.jpg,food_pizza_63_2.jpg,2026-01-08 09:48:25
10,1,6,64,629,food_images\food_pizza_64_1.jpg,food_pizza_64_1.jpg,2026-01-08 09:48:30
10,1,6,64,630,food_images\food_pizza_64_2.jpg,food_pizza_64_2.jpg,2026-01-08 09:48:31
10,1,6,65,631,food_images\food_pizza_65_1.jpg,food_pizza_65_1.jpg,2026-01-08 09:48:36
10,1,6,65,632,food_images\food_pizza_65_2.jpg,food_pizza_65_2.jpg,2026-01-08 09:48:37
10,1,6,66,633,food_images\food_pizza_66_1.jpg,food_pizza_66_1.jpg,2026-01-08 09:48:42
10,1,6,66,634,food_images\food_pizza_66_2.jpg,food_pizza_66_2.jpg,2026-01-08 09:48:43
10,1,6,67,635,food_images\food_pizza_67_1.jpg,food_pizza_67_1.jpg,2026-01-08 09:48:49
10,1,6,67,636,food_images\food_pizza_67_2.jpg,food_pizza_67_2.jpg,2026-01-08 09:48:49
11,1,7,68,637,food_images\food_pizza_68_1.jpg,food_pizza_68_1.jpg,2026-01-08 09:48:55
11,1,7,68,638,food_images\food_pizza_68_2.jpg,food_pizza_68_2.jpg,2026-01-08 09:48:55
11,1,7,69,639,food_images\food_pizza_69_1.jpg,food_pizza_69_1.jpg,2026-01-08 09:49:01
11,1,7,69,640,food_images\food_pizza_69_2.jpg,food_pizza_69_2.jpg,2026-01-08 09:49:01
11,1,7,70,641,food_images\food_pizza_70_1.jpg,food_pizza_70_1.jpg,2026-01-08 09:49:07
11,1,7,70,642,food_images\food_pizza_70_2.jpg,food_pizza_70_2.jpg,2026-01-08 09:49:07
11,1,7,71,643,food_images\food_pizza_71_1.jpg,food_pizza_71_1.jpg,2026-01-08 09:49:13
11,1,7,71,644,food_images\food_pizza_71_2.jpg,food_pizza_71_2.jpg,2026-01-08 09:49:13
11,1,7,72,645,food_images\food_pizza_72_1.jpg,food_pizza_72_1.jpg,2026-01-08 09:49:19
11,1,7,72,646,food_images\food_pizza_72_2.jpg,food_pizza_72_2.jpg,2026-01-08 09:49:19
11,1,7,73,647,food_images\food_pizza_73_1.jpg,food_pizza_73_1.jpg,2026-01-08 09:49:25
11,1,7,73,648,food_images\food_pizza_73_2.jpg,food_pizza_73_2.jpg,2026-01-08 09:49:25
11,1,7,74,649,food_images\food_pizza_74_1.jpg,food_pizza_74_1.jpg,2026-01-08 09:49:31
11,1,7,74,650,food_images\food_pizza_74_2.jpg,food_pizza_74_2.jpg,2026-01-08 09:49:31
11,1,7,75,651,food_images\food_pizza_75_1.jpg,food_pizza_75_1.jpg,2026-01-08 09:49:37
11,1,7,75,652,food_images\food_pizza_75_2.jpg,food_pizza_75_2.jpg,2026-01-08 09:49:37
12,1,7,76,653,food_images\food_pizza_76_1.jpg,food_pizza_76_1.jpg,2026-01-08 09:49:43
12,1,7,76,654,food_images\food_pizza_76_2.jpg,food_pizza_76_2.jpg,2026-01-08 09:49:44
12,1,7,77,655,food_images\food_pizza_77_1.jpg,food_pizza_77_1.jpg,2026-01-08 09:49:49
12,1,7,77,656,food_images\food_pizza_77_2.jpg,food_pizza_77_2.jpg,2026-01-08 09:49:50
12,1,7,78,657,food_images\food_pizza_78_1.jpg,food_pizza_78_1.jpg,2026-01-08 09:49:55
12,1,7,78,658,food_images\food_pizza_78_2.jpg,food_pizza_78_2.jpg,2026-01-08 09:49:56
12,1,7,79,659,food_images\food_pizza_79_1.jpg,food_pizza_79_1.jpg,2026-01-08 09:50:02
12,1,7,79,660,food_images\food_pizza_79_2.jpg,food_pizza_79_2.jpg,2026-01-08 09:50:02
12,1,7,80,661,food_images\food_pizza_80_1.jpg,food_pizza_80_1.jpg,2026-01-08 09:50:08
12,1,7,80,662,food_images\food_pizza_80_2.jpg,food_pizza_80_2.jpg,2026-01-08 09:50:08
12,1,7,81,663,food_images\food_pizza_81_1.jpg,food_pizza_81_1.jpg,2026-01-08 09:50:14
12,1,7,81,664,food_images\food_pizza_81_2.jpg,food_pizza_81_2.jpg,2026-01-08 09:50:14
12,1,7,82,665,food_images\food_pizza_82_1.jpg,food_pizza_82_1.jpg,2026-01-08 09:50:20
12,1,7,82,666,food_images\food_pizza_82_2.jpg,food_pizza_82_2.jpg,2026-01-08 09:50:20
12,1,7,83,667,food_images\food_pizza_83_1.jpg,food_pizza_83_1.jpg,2026-01-08 09:50:26
12,1,7,83,668,food_images\food_pizza_83_2.jpg,food_pizza_83_2.jpg,2026-01-08 09:50:26
12,1,7,84,669,food_images\food_pizza_84_1.jpg,food_pizza_84_1.jpg,2026-01-08 09:50:32
12,1,7,84,670,food_images\food_pizza_84_2.jpg,food_pizza_84_2.jpg,2026-01-08 09:50:32
13,1,7,85,671,food_images\food_pizza_85_1.jpg,food_pizza_85_1.jpg,2026-01-08 09:50:38
13,1,7,85,672,food_images\food_pizza_85_2.jpg,food_pizza_85_2.jpg,2026-01-08 09:50:38
13,1,7,86,673,food_images\food_pizza_86_1.jpg,food_pizza_86_1.jpg,2026-01-08 09:50:44
13,1,7,86,674,food_images\food_pizza_86_2.jpg,food_pizza_86_2.jpg,2026-01-08 09:50:45
13,1,7,87,675,food_images\food_pizza_87_1.jpg,food_pizza_87_1.jpg,2026-01-08 09:50:50
13,1,7,87,676,food_images\food_pizza_87_2.jpg,food_pizza_87_2.jpg,2026-01-08 09:50:51
13,1,7,88,677,food_images\food_pizza_88_1.jpg,food_pizza_88_1.jpg,2026-01-08 09:50:56
13,1,7,88,678,food_images\food_pizza_88_2.jpg,food_pizza_88_2.jpg,2026-01-08 09:50:57
13,1,7,89,679,food_images\food_pizza_89_1.jpg,food_pizza_89_1.jpg,2026-01-08 09:51:03
13,1,7,89,680,food_images\food_pizza_89_2.jpg,food_pizza_89_2.jpg,2026-01-08 09:51:03
13,1,7,90,681,food_images\food_pizza_90_1.jpg,food_pizza_90_1.jpg,2026-01-08 09:51:09
13,1,7,90,682,food_images\food_pizza_90_2.jpg,food_pizza_90_2.jpg,2026-01-08 09:51:09
13,1,7,91,683,food_images\food_pizza_91_1.jpg,food_pizza_91_1.jpg,2026-01-08 09:51:15
13,1,7,91,684,food_images\food_pizza_91_2.jpg,food_pizza_91_2.jpg,2026-01-08 09:51:15
13,1,7,92,685,food_images\food_pizza_92_1.jpg,food_pizza_92_1.jpg,2026-01-08 09:51:21
13,1,7,92,686,food_images\food_pizza_92_2.jpg,food_pizza_92_2.jpg,2026-01-08 09:51:21
13,1,7,93,687,food_images\food_pizza_93_1.jpg,food_pizza_93_1.jpg,2026-01-08 09:51:27
13,1,7,93,688,food_images\food_pizza_93_2.jpg,food_pizza_93_2.jpg,2026-01-08 09:51:27
13,1,7,94,689,food_images\food_pizza_94_1.jpg,food_pizza_94_1.jpg,2026-01-08 09:51:33
13,1,7,94,690,food_images\food_pizza_94_2.jpg,food_pizza_94_2.jpg,2026-01-08 09:51:33
14,1,8,95,691,food_images\food_pizza_95_1.jpg,food_pizza_95_1.jpg,2026-01-08 09:51:39
14,1,8,95,692,food_images\food_pizza_95_2.jpg,food_pizza_95_2.jpg,2026-01-08 09:51:39
14,1,8,96,693,food_images\food_pizza_96_1.jpg,food_pizza_96_1.jpg,2026-01-08 09:51:45
14,1,8,96,694,food_images\food_pizza_96_2.jpg,food_pizza_96_2.jpg,2026-01-08 09:51:45
14,1,8,97,695,food_images\food_pizza_97_1.jpg,food_pizza_97_1.jpg,2026-01-08 09:51:51
14,1,8,97,696,food_images\food_pizza_97_2.jpg,food_pizza_97_2.jpg,2026-01-08 09:51:51
14,1,8,98,697,food_images\food_pizza_98_1.jpg,food_pizza_98_1.jpg,2026-01-08 09:51:57
14,1,8,98,698,food_images\food_pizza_98_2.jpg,food_pizza_98_2.jpg,2026-01-08 09:51:57
14,1,8,99,699,food_images\food_pizza_99_1.jpg,food_pizza_99_1.jpg,2026-01-08 09:52:03
14,1,8,99,700,food_images\food_pizza_99_2.jpg,food_pizza_99_2.jpg,2026-01-08 09:52:03
14,1,8,100,701,food_images\food_pizza_100_1.jpg,food_pizza_100_1.jpg,2026-01-08 09:52:09
14,1,8,100,702,food_images\food_pizza_100_2.jpg,food_pizza_100_2.jpg,2026-01-08 09:52:09
14,1,8,101,703,food_images\food_pizza_101_1.jpg,food_pizza_101_1.jpg,2026-01-08 09:52:15
14,1,8,101,704,food_images\food_pizza_101_2.jpg,food_pizza_101_2.jpg,2026-01-08 09:52:15
14,1,8,102,705,food_images\food_pizza_102_1.jpg,food_pizza_102_1.jpg,2026-01-08 09:52:21
14,1,8,102,706,food_images\food_pizza_102_2.jpg,food_pizza_102_2.jpg,2026-01-08 09:52:21
14,1,8,103,707,food_images\food_pizza_103_1.jpg,food_pizza_103_1.jpg,2026-01-08 09:52:27
14,1,8,103,708,food_images\food_pizza_103_2.jpg,food_pizza_103_2.jpg,2026-01-08 09:52:28
15,1,8,104,709,food_images\food_pizza_104_1.jpg,food_pizza_104_1.jpg,2026-01-08 09:52:33
15,1,8,104,710,food_images\food_pizza_104_2.jpg,food_pizza_104_2.jpg,2026-01-08 09:52:34
15,1,8,105,711,food_images\food_pizza_105_1.jpg,food_pizza_105_1.jpg,2026-01-08 09:52:39
15,1,8,105,712,food_images\food_pizza_105_2.jpg,food_pizza_105_2.jpg,2026-01-08 09:52:40
15,1,8,106,713,food_images\food_pizza_106_1.jpg,food_pizza_106_1.jpg,2026-01-08 09:52:45
15,1,8,106,714,food_images\food_pizza_106_2.jpg,food_pizza_106_2.jpg,2026-01-08 09:52:46
15,1,8,107,715,food_images\food_pizza_107_1.jpg,food_pizza_107_1.jpg,2026-01-08 09:52:51
15,1,8,107,716,food_images\food_pizza_107_2.jpg,food_pizza_107_2.jpg,2026-01-08 09:52:52
15,1,8,108,717,food_images\food_pizza_108_1.jpg,food_pizza_108_1.jpg,2026-01-08 09:52:58
15,1,8,108,718,food_images\food_pizza_108_2.jpg,food_pizza_108_2.jpg,2026-01-08 09:52:58
15,1,8,109,719,food_images\food_pizza_109_1.jpg,food_pizza_109_1.jpg,2026-01-08 09:53:04
15,1,8,109,720,food_images\food_pizza_109_2.jpg,food_pizza_109_2.jpg,2026-01-08 09:53:04
15,1,8,110,721,food_images\food_pizza_110_1.jpg,food_pizza_110_1.jpg,2026-01-08 09:53:10
15,1,8,110,722,food_images\food_pizza_110_2.jpg,food_pizza_110_2.jpg,2026-01-08 09:53:10
15,1,8,111,723,food_images\food_pizza_111_1.jpg,food_pizza_111_1.jpg,2026-01-08 09:53:16
15,1,8,111,724,food_images\food_pizza_111_2.jpg,food_pizza_111_2.jpg,2026-01-08 09:53:16
15,1,8,112,725,food_images\food_pizza_112_1.jpg,food_pizza_112_1.jpg,2026-01-08 09:53:22
15,1,8,112,726,food_images\food_pizza_112_2.jpg,food_pizza_112_2.jpg,2026-01-08 09:53:22
15,1,8,113,727,food_images\food_pizza_113_1.jpg,food_pizza_113_1.jpg,2026-01-08 09:53:28
15,1,8,113,728,food_images\food_pizza_113_2.jpg,food_pizza_113_2.jpg,2026-01-08 09:53:28
16,1,9,114,729,food_images\food_pizza_114_1.jpg,food_pizza_114_1.jpg,2026-01-08 09:53:34
16,1,9,114,730,food_images\food_pizza_114_2.jpg,food_pizza_114_2.jpg,2026-01-08 09:53:34
16,1,9,115,731,food_images\food_pizza_115_1.jpg,food_pizza_115_1.jpg,2026-01-08 09:53:40
16,1,9,115,732,food_images\food_pizza_115_2.jpg,food_pizza_115_2.jpg,2026-01-08 09:53:40
16,1,9,116,733,food_images\food_pizza_116_1.jpg,food_pizza_116_1.jpg,2026-01-08 09:53:46
16,1,9,116,734,food_images\food_pizza_116_2.jpg,food_pizza_116_2.jpg,2026-01-08 09:53:46
16,1,9,117,735,food_images\food_pizza_117_1.jpg,food_pizza_117_1.jpg,2026-01-08 09:53:52
16,1,9,117,736,food_images\food_pizza_117_2.jpg,food_pizza_117_2.jpg,2026-01-08 09:53:53
16,1,9,118,737,food_images\food_pizza_118_1.jpg,food_pizza_118_1.jpg,2026-01-08 09:53:58
16,1,9,118,738,food_images\food_pizza_118_2.jpg,food_pizza_118_2.jpg,2026-01-08 09:53:59
17,1,9,119,739,food_images\food_pizza_119_1.jpg,food_pizza_119_1.jpg,2026-01-08 09:54:04
17,1,9,119,740,food_images\food_pizza_119_2.jpg,food_pizza_119_2.jpg,2026-01-08 09:54:05
17,1,9,120,741,food_images\food_pizza_120_1.jpg,food_pizza_120_1.jpg,2026-01-08 09:54:11
17,1,9,120,742,food_images\food_pizza_120_2.jpg,food_pizza_120_2.jpg,2026-01-08 09:54:12
18,1,11,121,743,food_images\food_pizza_121_1.jpg,food_pizza_121_1.jpg,2026-01-08 09:54:18
18,1,11,121,744,food_images\food_pizza_121_2.jpg,food_pizza_121_2.jpg,2026-01-08 09:54:18
18,1,11,122,745,food_images\food_pizza_122_1.jpg,food_pizza_122_1.jpg,2026-01-08 09:54:24
18,1,11,122,746,food_images\food_pizza_122_2.jpg,food_pizza_122_2.jpg,2026-01-08 09:54:24
18,1,11,123,747,food_images\food_pizza_123_1.jpg,food_pizza_123_1.jpg,2026-01-08 09:54:30
18,1,11,123,748,food_images\food_pizza_123_2.jpg,food_pizza_123_2.jpg,2026-01-08 09:54:30
18,1,11,124,749,food_images\food_pizza_124_1.jpg,food_pizza_124_1.jpg,2026-01-08 09:54:36
18,1,11,124,750,food_images\food_pizza_124_2.jpg,food_pizza_124_2.jpg,2026-01-08 09:54:36
18,1,11,125,751,food_images\food_pizza_125_1.jpg,food_pizza_125_1.jpg,2026-01-08 09:54:42
18,1,11,125,752,food_images\food_pizza_125_2.jpg,food_pizza_125_2.jpg,2026-01-08 09:54:42
18,1,11,126,753,food_images\food_pizza_126_1.jpg,food_pizza_126_1.jpg,2026-01-08 09:54:48
18,1,11,126,754,food_images\food_pizza_126_2.jpg,food_pizza_126_2.jpg,2026-01-08 09:54:48
18,1,11,127,755,food_images\food_pizza_127_1.jpg,food_pizza_127_1.jpg,2026-01-08 09:54:54
18,1,11,127,756,food_images\food_pizza_127_2.jpg,food_pizza_127_2.jpg,2026-01-08 09:54:55
18,1,11,128,757,food_images\food_pizza_128_1.jpg,food_pizza_128_1.jpg,2026-01-08 09:55:00
18,1,11,128,758,food_images\food_pizza_128_2.jpg,food_pizza_128_2.jpg,2026-01-08 09:55:01
19,1,13,129,759,food_images\food_pizza_129_1.jpg,food_pizza_129_1.jpg,2026-01-08 09:55:06
19,1,13,129,760,food_images\food_pizza_129_2.jpg,food_pizza_129_2.jpg,2026-01-08 09:55:07
19,1,13,130,761,food_images\food_pizza_130_1.jpg,food_pizza_130_1.jpg,2026-01-08 09:55:13
19,1,13,130,762,food_images\food_pizza_130_2.jpg,food_pizza_130_2.jpg,2026-01-08 09:55:13
19,1,13,131,763,food_images\food_pizza_131_1.jpg,food_pizza_131_1.jpg,2026-01-08 09:55:18
19,1,13,131,764,food_images\food_pizza_131_2.jpg,food_pizza_131_2.jpg,2026-01-08 09:55:19
19,1,13,132,765,food_images\food_pizza_132_1.jpg,food_pizza_132_1.jpg,2026-01-08 09:55:25
19,1,13,132,766,food_images\food_pizza_132_2.jpg,food_pizza_132_2.jpg,2026-01-08 09:55:25
19,1,13,133,767,food_images\food_pizza_133_1.jpg,food_pizza_133_1.jpg,2026-01-08 09:55:31
19,1,13,133,768,food_images\food_pizza_133_2.jpg,food_pizza_133_2.jpg,2026-01-08 09:55:31
19,1,13,134,769,food_images\food_pizza_134_1.jpg,food_pizza_134_1.jpg,2026-01-08 09:55:37
19,1,13,134,770,food_images\food_pizza_134_2.jpg,food_pizza_134_2.jpg,2026-01-08 09:55:37
19,1,13,135,771,food_images\food_pizza_135_1.jpg,food_pizza_135_1.jpg,2026-01-08 09:55:43
19,1,13,135,772,food_images\food_pizza_135_2.jpg,food_pizza_135_2.jpg,2026-01-08 09:55:43
19,1,13,136,773,food_images\food_pizza_136_1.jpg,food_pizza_136_1.jpg,2026-01-08 09:55:49
19,1,13,136,774,food_images\food_pizza_136_2.jpg,food_pizza_136_2.jpg,2026-01-08 09:55:49
19,1,13,137,775,food_images\food_pizza_137_1.jpg,food_pizza_137_1.jpg,2026-01-08 09:55:55
19,1,13,137,776,food_images\food_pizza_137_2.jpg,food_pizza_137_2.jpg,2026-01-08 09:55:56
19,1,13,138,777,food_images\food_pizza_138_1.jpg,food_pizza_138_1.jpg,2026-01-08 09:56:01
19,1,13,138,778,food_images\food_pizza_138_2.jpg,food_pizza_138_2.jpg,2026-01-08 09:56:02
20,1,13,139,779,food_images\food_pizza_139_1.jpg,food_pizza_139_1.jpg,2026-01-08 09:56:07
20,1,13,139,780,food_images\food_pizza_139_2.jpg,food_pizza_139_2.jpg,2026-01-08 09:56:08
20,1,13,140,781,food_images\food_pizza_140_1.jpg,food_pizza_140_1.jpg,2026-01-08 09:56:14
20,1,13,140,782,food_images\food_pizza_140_2.jpg,food_pizza_140_2.jpg,2026-01-08 09:56:14
20,1,13,141,783,food_images\food_pizza_141_1.jpg,food_pizza_141_1.jpg,2026-01-08 09:56:19
20,1,13,141,784,food_images\food_pizza_141_2.jpg,food_pizza_141_2.jpg,2026-01-08 09:56:20
20,1,13,142,785,food_images\food_pizza_142_1.jpg,food_pizza_142_1.jpg,2026-01-08 09:56:25
20,1,13,142,786,food_images\food_pizza_142_2.jpg,food_pizza_142_2.jpg,2026-01-08 09:56:26
20,1,13,143,787,food_images\food_pizza_143_1.jpg,food_pizza_143_1.jpg,2026-01-08 09:56:32
20,1,13,143,788,food_images\food_pizza_143_2.jpg,food_pizza_143_2.jpg,2026-01-08 09:56:32
20,1,13,144,789,food_images\food_pizza_144_1.jpg,food_pizza_144_1.jpg,2026-01-08 09:56:38
20,1,13,144,790,food_images\food_pizza_144_2.jpg,food_pizza_144_2.jpg,2026-01-08 09:56:38
21,1,14,145,791,food_images\food_pizza_145_1.jpg,food_pizza_145_1.jpg,2026-01-08 09:56:43
21,1,14,145,792,food_images\food_pizza_145_2.jpg,food_pizza_145_2.jpg,2026-01-08 09:56:44
21,1,14,146,793,food_images\food_pizza_146_1.jpg,food_pizza_146_1.jpg,2026-01-08 09:56:49
21,1,14,146,794,food_images\food_pizza_146_2.jpg,food_pizza_146_2.jpg,2026-01-08 09:56:50
21,1,14,147,795,food_images\food_pizza_147_1.jpg,food_pizza_147_1.jpg,2026-01-08 09:56:56
21,1,14,147,796,food_images\food_pizza_147_2.jpg,food_pizza_147_2.jpg,2026-01-08 09:56:56
21,1,14,148,797,food_images\food_pizza_148_1.jpg,food_pizza_148_1.jpg,2026-01-08 09:57:02
21,1,14,148,798,food_images\food_pizza_148_2.jpg,food_pizza_148_2.jpg,2026-01-08 09:57:02
21,1,14,149,799,food_images\food_pizza_149_1.jpg,food_pizza_149_1.jpg,2026-01-08 09:57:08
21,1,14,149,800,food_images\food_pizza_149_2.jpg,food_pizza_149_2.jpg,2026-01-08 09:57:08
21,1,14,150,801,food_images\food_pizza_150_1.jpg,food_pizza_150_1.jpg,2026-01-08 09:57:14
21,1,14,150,802,food_images\food_pizza_150_2.jpg,food_pizza_150_2.jpg,2026-01-08 09:57:14
21,1,14,151,803,food_images\food_pizza_151_1.jpg,food_pizza_151_1.jpg,2026-01-08 09:57:20
21,1,14,151,804,food_images\food_pizza_151_2.jpg,food_pizza_151_2.jpg,2026-01-08 09:57:20
21,1,14,152,805,food_images\food_pizza_152_1.jpg,food_pizza_152_1.jpg,2026-01-08 09:57:26
21,1,14,152,806,food_images\food_pizza_152_2.jpg,food_pizza_152_2.jpg,2026-01-08 09:57:26
21,1,14,153,807,food_images\food_pizza_153_1.jpg,food_pizza_153_1.jpg,2026-01-08 09:57:32
21,1,14,153,808,food_images\food_pizza_153_2.jpg,food_pizza_153_2.jpg,2026-01-08 09:57:32
21,1,14,154,809,food_images\food_pizza_154_1.jpg,food_pizza_154_1.jpg,2026-01-08 09:57:38
21,1,14,154,810,food_images\food_pizza_154_2.jpg,food_pizza_154_2.jpg,2026-01-08 09:57:38
22,1,15,155,811,food_images\food_pizza_155_1.jpg,food_pizza_155_1.jpg,2026-01-08 09:57:44
22,1,15,155,812,food_images\food_pizza_155_2.jpg,food_pizza_155_2.jpg,2026-01-08 09:57:44
22,1,15,156,813,food_images\food_pizza_156_1.jpg,food_pizza_156_1.jpg,2026-01-08 09:57:50
22,1,15,156,814,food_images\food_pizza_156_2.jpg,food_pizza_156_2.jpg,2026-01-08 09:57:50
22,1,15,157,815,food_images\food_pizza_157_1.jpg,food_pizza_157_1.jpg,2026-01-08 09:57:56
22,1,15,157,816,food_images\food_pizza_157_2.jpg,food_pizza_157_2.jpg,2026-01-08 09:57:56
22,1,15,158,817,food_images\food_pizza_158_1.jpg,food_pizza_158_1.jpg,2026-01-08 09:58:02
22,1,15,158,818,food_images\food_pizza_158_2.jpg,food_pizza_158_2.jpg,2026-01-08 09:58:02
22,1,15,159,819,food_images\food_pizza_159_1.jpg,food_pizza_159_1.jpg,2026-01-08 09:58:08
22,1,15,159,820,food_images\food_pizza_159_2.jpg,food_pizza_159_2.jpg,2026-01-08 09:58:08
22,1,15,160,821,food_images\food_pizza_160_1.jpg,food_pizza_160_1.jpg,2026-01-08 09:58:14
22,1,15,160,822,food_images\food_pizza_160_2.jpg,food_pizza_160_2.jpg,2026-01-08 09:58:14
22,1,15,161,823,food_images\food_pizza_161_1.jpg,food_pizza_161_1.jpg,2026-01-08 09:58:20
22,1,15,161,824,food_images\food_pizza_161_2.jpg,food_pizza_161_2.jpg,2026-01-08 09:58:20
22,1,15,162,825,food_images\food_pizza_162_1.jpg,food_pizza_162_1.jpg,2026-01-08 09:58:26
22,1,15,162,826,food_images\food_pizza_162_2.jpg,food_pizza_162_2.jpg,2026-01-08 09:58:26
23,1,15,163,827,food_images\food_pizza_163_1.jpg,food_pizza_163_1.jpg,2026-01-08 09:58:32
23,1,15,163,828,food_images\food_pizza_163_2.jpg,food_pizza_163_2.jpg,2026-01-08 09:58:33
23,1,15,164,829,food_images\food_pizza_164_1.jpg,food_pizza_164_1.jpg,2026-01-08 09:58:38
23,1,15,164,830,food_images\food_pizza_164_2.jpg,food_pizza_164_2.jpg,2026-01-08 09:58:38
23,1,15,165,831,food_images\food_pizza_165_1.jpg,food_pizza_165_1.jpg,2026-01-08 09:58:44
23,1,15,165,832,food_images\food_pizza_165_2.jpg,food_pizza_165_2.jpg,2026-01-08 09:58:45
23,1,15,166,833,food_images\food_pizza_166_1.jpg,food_pizza_166_1.jpg,2026-01-08 09:58:50
23,1,15,166,834,food_images\food_pizza_166_2.jpg,food_pizza_166_2.jpg,2026-01-08 09:58:51
24,1,16,167,835,food_images\food_pizza_167_1.jpg,food_pizza_167_1.jpg,2026-01-08 09:58:56
24,1,16,167,836,food_images\food_pizza_167_2.jpg,food_pizza_167_2.jpg,2026-01-08 09:58:57
24,1,16,168,837,food_images\food_pizza_168_1.jpg,food_pizza_168_1.jpg,2026-01-08 09:59:02
24,1,16,168,838,food_images\food_pizza_168_2.jpg,food_pizza_168_2.jpg,2026-01-08 09:59:03
24,1,16,169,839,food_images\food_pizza_169_1.jpg,food_pizza_169_1.jpg,2026-01-08 09:59:09
24,1,16,169,840,food_images\food_pizza_169_2.jpg,food_pizza_169_2.jpg,2026-01-08 09:59:09
24,1,16,170,841,food_images\food_pizza_170_1.jpg,food_pizza_170_1.jpg,2026-01-08 09:59:15
24,1,16,170,842,food_images\food_pizza_170_2.jpg,food_pizza_170_2.jpg,2026-01-08 09:59:15
24,1,16,171,843,food_images\food_pizza_171_1.jpg,food_pizza_171_1.jpg,2026-01-08 09:59:21
24,1,16,171,844,food_images\food_pizza_171_2.jpg,food_pizza_171_2.jpg,2026-01-08 09:59:21
24,1,16,172,845,food_images\food_pizza_172_1.jpg,food_pizza_172_1.jpg,2026-01-08 09:59:27
24,1,16,172,846,food_images\food_pizza_172_2.jpg,food_pizza_172_2.jpg,2026-01-08 09:59:27
24,1,16,173,847,food_images\food_pizza_173_1.jpg,food_pizza_173_1.jpg,2026-01-08 09:59:33
24,1,16,173,848,food_images\food_pizza_173_2.jpg,food_pizza_173_2.jpg,2026-01-08 09:59:33
24,1,16,174,849,food_images\food_pizza_174_1.jpg,food_pizza_174_1.jpg,2026-01-08 09:59:39
24,1,16,174,850,food_images\food_pizza_174_2.jpg,food_pizza_174_2.jpg,2026-01-08 09:59:39
24,1,16,175,851,food_images\food_pizza_175_1.jpg,food_pizza_175_1.jpg,2026-01-08 09:59:45
24,1,16,175,852,food_images\food_pizza_175_2.jpg,food_pizza_175_2.jpg,2026-01-08 09:59:45
24,1,16,176,853,food_images\food_pizza_176_1.jpg,food_pizza_176_1.jpg,2026-01-08 09:59:51
24,1,16,176,854,food_images\food_pizza_176_2.jpg,food_pizza_176_2.jpg,2026-01-08 09:59:51
25,1,16,177,855,food_images\food_pizza_177_1.jpg,food_pizza_177_1.jpg,2026-01-08 09:59:57
25,1,16,177,856,food_images\food_pizza_177_2.jpg,food_pizza_177_2.jpg,2026-01-08 09:59:57
25,1,16,178,857,food_images\food_pizza_178_1.jpg,food_pizza_178_1.jpg,2026-01-08 10:00:03
25,1,16,178,858,food_images\food_pizza_178_2.jpg,food_pizza_178_2.jpg,2026-01-08 10:00:03
25,1,16,179,859,food_images\food_pizza_179_1.jpg,food_pizza_179_1.jpg,2026-01-08 10:00:09
25,1,16,179,860,food_images\food_pizza_179_2.jpg,food_pizza_179_2.jpg,2026-01-08 10:00:09
25,1,16,180,861,food_images\food_pizza_180_1.jpg,food_pizza_180_1.jpg,2026-01-08 10:00:15
25,1,16,180,862,food_images\food_pizza_180_2.jpg,food_pizza_180_2.jpg,2026-01-08 10:00:16
25,1,16,181,863,food_images\food_pizza_181_1.jpg,food_pizza_181_1.jpg,2026-01-08 10:00:21
25,1,16,181,864,food_images\food_pizza_181_2.jpg,food_pizza_181_2.jpg,2026-01-08 10:00:22
25,1,16,182,865,food_images\food_pizza_182_1.jpg,food_pizza_182_1.jpg,2026-01-08 10:00:28
25,1,16,182,866,food_images\food_pizza_182_2.jpg,food_pizza_182_2.jpg,2026-01-08 10:00:28
25,1,16,183,867,food_images\food_pizza_183_1.jpg,food_pizza_183_1.jpg,2026-01-08 10:00:34
25,1,16,183,868,food_images\food_pizza_183_2.jpg,food_pizza_183_2.jpg,2026-01-08 10:00:34
26,1,18,184,869,food_images\food_pizza_184_1.jpg,food_pizza_184_1.jpg,2026-01-08 10:00:39
26,1,18,184,870,food_images\food_pizza_184_2.jpg,food_pizza_184_2.jpg,2026-01-08 10:00:40
26,1,18,185,871,food_images\food_pizza_185_1.jpg,food_pizza_185_1.jpg,2026-01-08 10:00:46
26,1,18,185,872,food_images\food_pizza_185_2.jpg,food_pizza_185_2.jpg,2026-01-08 10:00:46
26,1,18,186,873,food_images\food_pizza_186_1.jpg,food_pizza_186_1.jpg,2026-01-08 10:00:52
26,1,18,186,874,food_images\food_pizza_186_2.jpg,food_pizza_186_2.jpg,2026-01-08 10:00:52
26,1,18,187,875,food_images\food_pizza_187_1.jpg,food_pizza_187_1.jpg,2026-01-08 10:00:57
26,1,18,187,876,food_images\food_pizza_187_2.jpg,food_pizza_187_2.jpg,2026-01-08 10:00:58
26,1,18,188,877,food_images\food_pizza_188_1.jpg,food_pizza_188_1.jpg,2026-01-08 10:01:03
26,1,18,188,878,food_images\food_pizza_188_2.jpg,food_pizza_188_2.jpg,2026-01-08 10:01:04
26,1,18,189,879,food_images\food_pizza_189_1.jpg,food_pizza_189_1.jpg,2026-01-08 10:01:09
26,1,18,189,880,food_images\food_pizza_189_2.jpg,food_pizza_189_2.jpg,2026-01-08 10:01:09
26,1,18,190,881,food_images\food_pizza_190_1.jpg,food_pizza_190_1.jpg,2026-01-08 10:01:15
26,1,18,190,882,food_images\food_pizza_190_2.jpg,food_pizza_190_2.jpg,2026-01-08 10:01:15
26,1,18,191,883,food_images\food_pizza_191_1.jpg,food_pizza_191_1.jpg,2026-01-08 10:01:21
26,1,18,191,884,food_images\food_pizza_191_2.jpg,food_pizza_191_2.jpg,2026-01-08 10:01:21
26,1,18,192,885,food_images\food_pizza_192_1.jpg,food_pizza_192_1.jpg,2026-01-08 10:01:27
26,1,18,192,886,food_images\food_pizza_192_2.jpg,food_pizza_192_2.jpg,2026-01-08 10:01:27
27,1,19,193,887,food_images\food_pizza_193_1.jpg,food_pizza_193_1.jpg,2026-01-08 10:01:33
27,1,19,193,888,food_images\food_pizza_193_2.jpg,food_pizza_193_2.jpg,2026-01-08 10:01:33
27,1,19,194,889,food_images\food_pizza_194_1.jpg,food_pizza_194_1.jpg,2026-01-08 10:01:39
27,1,19,194,890,food_images\food_pizza_194_2.jpg,food_pizza_194_2.jpg,2026-01-08 10:01:39
27,1,19,195,891,food_images\food_pizza_195_1.jpg,food_pizza_195_1.jpg,2026-01-08 10:01:45
27,1,19,195,892,food_images\food_pizza_195_2.jpg,food_pizza_195_2.jpg,2026-01-08 10:01:45
27,1,19,196,893,food_images\food_pizza_196_1.jpg,food_pizza_196_1.jpg,2026-01-08 10:01:51
27,1,19,196,894,food_images\food_pizza_196_2.jpg,food_pizza_196_2.jpg,2026-01-08 10:01:51
27,1,19,197,895,food_images\food_pizza_197_1.jpg,food_pizza_197_1.jpg,2026-01-08 10:01:57
27,1,19,197,896,food_images\food_pizza_197_2.jpg,food_pizza_197_2.jpg,2026-01-08 10:01:57
27,1,19,198,897,food_images\food_pizza_198_1.jpg,food_pizza_198_1.jpg,2026-01-08 10:02:03
27,1,19,198,898,food_images\food_pizza_198_2.jpg,food_pizza_198_2.jpg,2026-01-08 10:02:03
27,1,19,199,899,food_images\food_pizza_199_1.jpg,food_pizza_199_1.jpg,2026-01-08 10:02:09
27,1,19,199,900,food_images\food_pizza_199_2.jpg,food_pizza_199_2.jpg,2026-01-08 10:02:09
27,1,19,200,901,food_images\food_pizza_200_1.jpg,food_pizza_200_1.jpg,2026-01-08 10:02:15
27,1,19,200,902,food_images\food_pizza_200_2.jpg,food_pizza_200_2.jpg,2026-01-08 10:02:15
28,1,21,201,903,food_images\food_pizza_201_1.jpg,food_pizza_201_1.jpg,2026-01-08 10:02:21
28,1,21,201,904,food_images\food_pizza_201_2.jpg,food_pizza_201_2.jpg,2026-01-08 10:02:21
28,1,21,202,905,food_images\food_pizza_202_1.jpg,food_pizza_202_1.jpg,2026-01-08 10:02:27
28,1,21,202,906,food_images\food_pizza_202_2.jpg,food_pizza_202_2.jpg,2026-01-08 10:02:27
28,1,21,203,907,food_images\food_pizza_203_1.jpg,food_pizza_203_1.jpg,2026-01-08 10:02:33
28,1,21,203,908,food_images\food_pizza_203_2.jpg,food_pizza_203_2.jpg,2026-01-08 10:02:33
28,1,21,204,909,food_images\food_pizza_204_1.jpg,food_pizza_204_1.jpg,2026-01-08 10:02:39
28,1,21,204,910,food_images\food_pizza_204_2.jpg,food_pizza_204_2.jpg,2026-01-08 10:02:39
28,1,21,205,911,food_images\food_pizza_205_1.jpg,food_pizza_205_1.jpg,2026-01-08 10:02:45
28,1,21,205,912,food_images\food_pizza_205_2.jpg,food_pizza_205_2.jpg,2026-01-08 10:02:45
28,1,21,206,913,food_images\food_pizza_206_1.jpg,food_pizza_206_1.jpg,2026-01-08 10:02:51
28,1,21,206,914,food_images\food_pizza_206_2.jpg,food_pizza_206_2.jpg,2026-01-08 10:02:51
28,1,21,207,915,food_images\food_pizza_207_1.jpg,food_pizza_207_1.jpg,2026-01-08 10:02:56
28,1,21,207,916,food_images\food_pizza_207_2.jpg,food_pizza_207_2.jpg,2026-01-08 10:02:57
28,1,21,208,917,food_images\food_pizza_208_1.jpg,food_pizza_208_1.jpg,2026-01-08 10:03:02
28,1,21,208,918,food_images\food_pizza_208_2.jpg,food_pizza_208_2.jpg,2026-01-08 10:03:03
28,1,21,209,919,food_images\food_pizza_209_1.jpg,food_pizza_209_1.jpg,2026-01-08 10:03:08
28,1,21,209,920,food_images\food_pizza_209_2.jpg,food_pizza_209_2.jpg,2026-01-08 10:03:09
28,1,21,210,921,food_images\food_pizza_210_1.jpg,food_pizza_210_1.jpg,2026-01-08 10:03:14
28,1,21,210,922,food_images\food_pizza_210_2.jpg,food_pizza_210_2.jpg,2026-01-08 10:03:15
28,1,21,211,923,food_images\food_pizza_211_1.jpg,food_pizza_211_1.jpg,2026-01-08 10:03:21
28,1,21,211,924,food_images\food_pizza_211_2.jpg,food_pizza_211_2.jpg,2026-01-08 10:03:21
29,1,22,212,925,food_images\food_pizza_212_1.jpg,food_pizza_212_1.jpg,2026-01-08 10:03:27
29,1,22,212,926,food_images\food_pizza_212_2.jpg,food_pizza_212_2.jpg,2026-01-08 10:03:27
29,1,22,213,927,food_images\food_pizza_213_1.jpg,food_pizza_213_1.jpg,2026-01-08 10:03:33
29,1,22,213,928,food_images\food_pizza_213_2.jpg,food_pizza_213_2.jpg,2026-01-08 10:03:33
29,1,22,214,929,food_images\food_pizza_214_1.jpg,food_pizza_214_1.jpg,2026-01-08 10:03:39
29,1,22,214,930,food_images\food_pizza_214_2.jpg,food_pizza_214_2.jpg,2026-01-08 10:03:39
29,1,22,215,931,food_images\food_pizza_215_1.jpg,food_pizza_215_1.jpg,2026-01-08 10:03:45
29,1,22,215,932,food_images\food_pizza_215_2.jpg,food_pizza_215_2.jpg,2026-01-08 10:03:45
29,1,22,216,933,food_images\food_pizza_216_1.jpg,food_pizza_216_1.jpg,2026-01-08 10:03:51
29,1,22,216,934,food_images\food_pizza_216_2.jpg,food_pizza_216_2.jpg,2026-01-08 10:03:51
29,1,22,217,935,food_images\food_pizza_217_1.jpg,food_pizza_217_1.jpg,2026-01-08 10:03:57
29,1,22,217,936,food_images\food_pizza_217_2.jpg,food_pizza_217_2.jpg,2026-01-08 10:03:57
29,1,22,218,937,food_images\food_pizza_218_1.jpg,food_pizza_218_1.jpg,2026-01-08 10:04:03
29,1,22,218,938,food_images\food_pizza_218_2.jpg,food_pizza_218_2.jpg,2026-01-08 10:04:03
30,1,22,219,939,food_images\food_pizza_219_1.jpg,food_pizza_219_1.jpg,2026-01-08 10:04:09
30,1,22,219,940,food_images\food_pizza_219_2.jpg,food_pizza_219_2.jpg,2026-01-08 10:04:09
30,1,22,220,941,food_images\food_pizza_220_1.jpg,food_pizza_220_1.jpg,2026-01-08 10:04:15
30,1,22,220,942,food_images\food_pizza_220_2.jpg,food_pizza_220_2.jpg,2026-01-08 10:04:15
30,1,22,221,943,food_images\food_pizza_221_1.jpg,food_pizza_221_1.jpg,2026-01-08 10:04:21
30,1,22,221,944,food_images\food_pizza_221_2.jpg,food_pizza_221_2.jpg,2026-01-08 10:04:21
30,1,22,222,945,food_images\food_pizza_222_1.jpg,food_pizza_222_1.jpg,2026-01-08 10:04:27
30,1,22,222,946,food_images\food_pizza_222_2.jpg,food_pizza_222_2.jpg,2026-01-08 10:04:27
30,1,22,223,947,food_images\food_pizza_223_1.jpg,food_pizza_223_1.jpg,2026-01-08 10:04:33
30,1,22,223,948,food_images\food_pizza_223_2.jpg,food_pizza_223_2.jpg,2026-01-08 10:04:33
30,1,22,224,949,food_images\food_pizza_224_1.jpg,food_pizza_224_1.jpg,2026-01-08 10:04:39
30,1,22,224,950,food_images\food_pizza_224_2.jpg,food_pizza_224_2.jpg,2026-01-08 10:04:39
30,1,22,225,951,food_images\food_pizza_225_1.jpg,food_pizza_225_1.jpg,2026-01-08 10:04:44
30,1,22,225,952,food_images\food_pizza_225_2.jpg,food_pizza_225_2.jpg,2026-01-08 10:04:45
30,1,22,226,953,food_images\food_pizza_226_1.jpg,food_pizza_226_1.jpg,2026-01-08 10:04:50
30,1,22,226,954,food_images\food_pizza_226_2.jpg,food_pizza_226_2.jpg,2026-01-08 10:04:51
31,1,22,227,955,food_images\food_pizza_227_1.jpg,food_pizza_227_1.jpg,2026-01-08 10:04:56
31,1,22,227,956,food_images\food_pizza_227_2.jpg,food_pizza_227_2.jpg,2026-01-08 10:04:57
31,1,22,228,957,food_images\food_pizza_228_1.jpg,food_pizza_228_1.jpg,2026-01-08 10:05:02
31,1,22,228,958,food_images\food_pizza_228_2.jpg,food_pizza_228_2.jpg,2026-01-08 10:05:03
31,1,22,229,959,food_images\food_pizza_229_1.jpg,food_pizza_229_1.jpg,2026-01-08 10:05:08
31,1,22,229,960,food_images\food_pizza_229_2.jpg,food_pizza_229_2.jpg,2026-01-08 10:05:08
31,1,22,230,961,food_images\food_pizza_230_1.jpg,food_pizza_230_1.jpg,2026-01-08 10:05:14
31,1,22,230,962,food_images\food_pizza_230_2.jpg,food_pizza_230_2.jpg,2026-01-08 10:05:14
31,1,22,231,963,food_images\food_pizza_231_1.jpg,food_pizza_231_1.jpg,2026-01-08 10:05:20
31,1,22,231,964,food_images\food_pizza_231_2.jpg,food_pizza_231_2.jpg,2026-01-08 10:05:20
31,1,22,232,965,food_images\food_pizza_232_1.jpg,food_pizza_232_1.jpg,2026-01-08 10:05:26
31,1,22,232,966,food_images\food_pizza_232_2.jpg,food_pizza_232_2.jpg,2026-01-08 10:05:26
31,1,22,233,967,food_images\food_pizza_233_1.jpg,food_pizza_233_1.jpg,2026-01-08 10:05:32
31,1,22,233,968,food_images\food_pizza_233_2.jpg,food_pizza_233_2.jpg,2026-01-08 10:05:32
32,1,22,234,969,food_images\food_pizza_234_1.jpg,food_pizza_234_1.jpg,2026-01-08 10:05:38
32,1,22,234,970,food_images\food_pizza_234_2.jpg,food_pizza_234_2.jpg,2026-01-08 10:05:38
32,1,22,235,971,food_images\food_pizza_235_1.jpg,food_pizza_235_1.jpg,2026-01-08 10:05:44
32,1,22,235,972,food_images\food_pizza_235_2.jpg,food_pizza_235_2.jpg,2026-01-08 10:05:44
32,1,22,236,973,food_images\food_pizza_236_1.jpg,food_pizza_236_1.jpg,2026-01-08 10:05:50
32,1,22,236,974,food_images\food_pizza_236_2.jpg,food_pizza_236_2.jpg,2026-01-08 10:05:50
32,1,22,237,975,food_images\food_pizza_237_1.jpg,food_pizza_237_1.jpg,2026-01-08 10:05:56
32,1,22,237,976,food_images\food_pizza_237_2.jpg,food_pizza_237_2.jpg,2026-01-08 10:05:56
32,1,22,238,977,food_images\food_pizza_238_1.jpg,food_pizza_238_1.jpg,2026-01-08 10:06:02
32,1,22,238,978,food_images\food_pizza_238_2.jpg,food_pizza_238_2.jpg,2026-01-08 10:06:02
32,1,22,239,979,food_images\food_pizza_239_1.jpg,food_pizza_239_1.jpg,2026-01-08 10:06:08
32,1,22,239,980,food_images\food_pizza_239_2.jpg,food_pizza_239_2.jpg,2026-01-08 10:06:08
33,1,22,240,981,food_images\food_pizza_240_1.jpg,food_pizza_240_1.jpg,2026-01-08 10:06:14
33,1,22,240,982,food_images\food_pizza_240_2.jpg,food_pizza_240_2.jpg,2026-01-08 10:06:14
33,1,22,241,983,food_images\food_pizza_241_1.jpg,food_pizza_241_1.jpg,2026-01-08 10:06:20
33,1,22,241,984,food_images\food_pizza_241_2.jpg,food_pizza_241_2.jpg,2026-01-08 10:06:20
33,1,22,242,985,food_images\food_pizza_242_1.jpg,food_pizza_242_1.jpg,2026-01-08 10:06:26
33,1,22,242,986,food_images\food_pizza_242_2.jpg,food_pizza_242_2.jpg,2026-01-08 10:06:26
33,1,22,243,987,food_images\food_pizza_243_1.jpg,food_pizza_243_1.jpg,2026-01-08 10:06:32
33,1,22,243,988,food_images\food_pizza_243_2.jpg,food_pizza_243_2.jpg,2026-01-08 10:06:32
33,1,22,244,989,food_images\food_pizza_244_1.jpg,food_pizza_244_1.jpg,2026-01-08 10:06:38
33,1,22,244,990,food_images\food_pizza_244_2.jpg,food_pizza_244_2.jpg,2026-01-08 10:06:38
33,1,22,245,991,food_images\food_pizza_245_1.jpg,food_pizza_245_1.jpg,2026-01-08 10:06:44
33,1,22,245,992,food_images\food_pizza_245_2.jpg,food_pizza_245_2.jpg,2026-01-08 10:06:44
34,1,23,246,993,food_images\food_pizza_246_1.jpg,food_pizza_246_1.jpg,2026-01-08 10:06:50
34,1,23,246,994,food_images\food_pizza_246_2.jpg,food_pizza_246_2.jpg,2026-01-08 10:06:50
34,1,23,247,995,food_images\food_pizza_247_1.jpg,food_pizza_247_1.jpg,2026-01-08 10:06:56
34,1,23,247,996,food_images\food_pizza_247_2.jpg,food_pizza_247_2.jpg,2026-01-08 10:06:56
34,1,23,248,997,food_images\food_pizza_248_1.jpg,food_pizza_248_1.jpg,2026-01-08 10:07:02
34,1,23,248,998,food_images\food_pizza_248_2.jpg,food_pizza_248_2.jpg,2026-01-08 10:07:02
34,1,23,249,999,food_images\food_pizza_249_1.jpg,food_pizza_249_1.jpg,2026-01-08 10:07:08
34,1,23,249,1000,food_images\food_pizza_249_2.jpg,food_pizza_249_2.jpg,2026-01-08 10:07:08
34,1,23,250,1001,food_images\food_pizza_250_1.jpg,food_pizza_250_1.jpg,2026-01-08 10:07:14
34,1,23,250,1002,food_images\food_pizza_250_2.jpg,food_pizza_250_2.jpg,2026-01-08 10:07:14
34,1,23,251,1003,food_images\food_pizza_251_1.jpg,food_pizza_251_1.jpg,2026-01-08 10:07:20
34,1,23,251,1004,food_images\food_pizza_251_2.jpg,food_pizza_251_2.jpg,2026-01-08 10:07:20
34,1,23,252,1005,food_images\food_pizza_252_1.jpg,food_pizza_252_1.jpg,2026-01-08 10:07:26
34,1,23,252,1006,food_images\food_pizza_252_2.jpg,food_pizza_252_2.jpg,2026-01-08 10:07:26
34,1,23,253,1007,food_images\food_pizza_253_1.jpg,food_pizza_253_1.jpg,2026-01-08 10:07:32
34,1,23,253,1008,food_images\food_pizza_253_2.jpg,food_pizza_253_2.jpg,2026-01-08 10:07:32
35,1,23,254,1009,food_images\food_pizza_254_1.jpg,food_pizza_254_1.jpg,2026-01-08 10:07:38
35,1,23,254,1010,food_images\food_pizza_254_2.jpg,food_pizza_254_2.jpg,2026-01-08 10:07:39
35,1,23,255,1011,food_images\food_pizza_255_1.jpg,food_pizza_255_1.jpg,2026-01-08 10:07:44
35,1,23,255,1012,food_images\food_pizza_255_2.jpg,food_pizza_255_2.jpg,2026-01-08 10:07:45
35,1,23,256,1013,food_images\food_pizza_256_1.jpg,food_pizza_256_1.jpg,2026-01-08 10:07:50
35,1,23,256,1014,food_images\food_pizza_256_2.jpg,food_pizza_256_2.jpg,2026-01-08 10:07:51
35,1,23,257,1015,food_images\food_pizza_257_1.jpg,food_pizza_257_1.jpg,2026-01-08 10:07:56
35,1,23,257,1016,food_images\food_pizza_257_2.jpg,food_pizza_257_2.jpg,2026-01-08 10:07:57
35,1,23,258,1017,food_images\food_pizza_258_1.jpg,food_pizza_258_1.jpg,2026-01-08 10:08:02
35,1,23,258,1018,food_images\food_pizza_258_2.jpg,food_pizza_258_2.jpg,2026-01-08 10:08:03
35,1,23,259,1019,food_images\food_pizza_259_1.jpg,food_pizza_259_1.jpg,2026-01-08 10:08:08
35,1,23,259,1020,food_images\food_pizza_259_2.jpg,food_pizza_259_2.jpg,2026-01-08 10:08:09
