resno,location_id,locationDetail_id,opno,week,open_time,close_time,desc
1,1,1,1,월,11:30,21:30,월~일요일 11:30~21:30 (마지막 주문 21:00) 연중 무휴
1,1,1,2,화,11:30,21:30,월~일요일 11:30~21:30 (마지막 주문 21:00) 연중 무휴
1,1,1,3,수,11:30,21:30,월~일요일 11:30~21:30 (마지막 주문 21:00) 연중 무휴
1,1,1,4,목,11:30,21:30,월~일요일 11:30~21:30 (마지막 주문 21:00) 연중 무휴
1,1,1,5,금,11:30,21:30,월~일요일 11:30~21:30 (마지막 주문 21:00) 연중 무휴
1,1,1,6,토,11:30,21:30,월~일요일 11:30~21:30 (마지막 주문 21:00) 연중 무휴
1,1,1,7,일,11:30,21:30,월~일요일 11:30~21:30 (마지막 주문 21:00) 연중 무휴
2,1,2,8,월,11:00,22:00,"월~금요일 11:00~22:00 (브레이크타임 15:00~17:30) (마지막 주문 14:30, 21:00) 토~일요일 11:00~22:00 (마지막 주문 21:00) 명절 연휴 휴무"
2,1,2,9,화,11:00,22:00,"월~금요일 11:00~22:00 (브레이크타임 15:00~17:30) (마지막 주문 14:30, 21:00) 토~일요일 11:00~22:00 (마지막 주문 21:00) 명절 연휴 휴무"
2,1,2,10,수,11:00,22:00,"월~금요일 11:00~22:00 (브레이크타임 15:00~17:30) (마지막 주문 14:30, 21:00) 토~일요일 11:00~22:00 (마지막 주문 21:00) 명절 연휴 휴무"
2,1,2,11,목,11:00,22:00,"월~금요일 11:00~22:00 (브레이크타임 15:00~17:30) (마지막 주문 14:30, 21:00) 토~일요일 11:00~22:00 (마지막 주문 21:00) 명절 연휴 휴무"
2,1,2,12,금,11:00,22:00,"월~금요일 11:00~22:00 (브레이크타임 15:00~17:30) (마지막 주문 14:30, 21:00) 토~일요일 11:00~22:00 (마지막 주문 21:00) 명절 연휴 휴무"
2,1,2,13,토,11:00,22:00,"월~금요일 11:00~22:00 (브레이크타임 15:00~17:30) (마지막 주문 14:30, 21:00) 토~일요일 11:00~22:00 (마지막 주문 21:00) 명절 연휴 휴무"
2,1,2,14,일,11:00,22:00,"월~금요일 11:00~22:00 (브레이크타임 15:00~17:30) (마지막 주문 14:30, 21:00) 토~일요일 11:00~22:00 (마지막 주문 21:00) 명절 연휴 휴무"
3,1,3,15,월,11:30,22:00,"월요일, 수~일요일 11:30~22:00 (브레이크타임 15:30~17:30) (마지막 주문 20:30) 매주 화요일 휴무"
3,1,3,16,수,11:30,22:00,"월요일, 수~일요일 11:30~22:00 (브레이크타임 15:30~17:30) (마지막 주문 20:30) 매주 화요일 휴무"
3,1,3,17,목,11:30,22:00,"월요일, 수~일요일 11:30~22:00 (브레이크타임 15:30~17:30) (마지막 주문 20:30) 매주 화요일 휴무"
3,1,3,18,금,11:30,22:00,"월요일, 수~일요일 11:30~22:00 (브레이크타임 15:30~17:30) (마지막 주문 20:30) 매주 화요일 휴무"
3,1,3,19,토,11:30,22:00,"월요일, 수~일요일 11:30~22:00 (브레이크타임 15:30~17:30) (마지막 주문 20:30) 매주 화요일 휴무"
3,1,3,20,일,11:30,22:00,"월요일, 수~일요일 11:30~22:00 (브레이크타임 15:30~17:30) (마지막 주문 20:30) 매주 화요일 휴무"
4,1,4,21,화,11:00,21:00,"화~일요일 11:00~21:00 (브레이크타임 15:00~17:00) (마지막 주문 14:50, 20:50) 매주 월요일 휴무"
4,1,4,22,수,11:00,21:00,"화~일요일 11:00~21:00 (브레이크타임 15:00~17:00) (마지막 주문 14:50, 20:50) 매주 월요일 휴무"
4,1,4,23,목,11:00,21:00,"화~일요일 11:00~21:00 (브레이크타임 15:00~17:00) (마지막 주문 14:50, 20:50) 매주 월요일 휴무"
4,1,4,24,금,11:00,21:00,"화~일요일 11:00~21:00 (브레이크타임 15:00~17:00) (마지막 주문 14:50, 20:50) 매주 월요일 휴무"
4,1,4,25,토,11:00,21:00,"화~일요일 11:00~21:00 (브레이크타임 15:00~17:00) (마지막 주문 14:50, 20:50) 매주 월요일 휴무"
4,1,4,26,일,11:00,21:00,"화~일요일 11:00~21:00 (브레이크타임 15:00~17:00) (마지막 주문 14:50, 20:50) 매주 월요일 휴무"
5,1,4,27,월,11:00,21:30,월~일요일 11:00~21:30 (브레이크타임 15:00~16:00) (마지막 주문 20:50) 연중 무휴
5,1,4,28,화,11:00,21:30,월~일요일 11:00~21:30 (브레이크타임 15:00~16:00) (마지막 주문 20:50) 연중 무휴
5,1,4,29,수,11:00,21:30,월~일요일 11:00~21:30 (브레이크타임 15:00~16:00) (마지막 주문 20:50) 연중 무휴
5,1,4,30,목,11:00,21:30,월~일요일 11:00~21:30 (브레이크타임 15:00~16:00) (마지막 주문 20:50) 연중 무휴
5,1,4,31,금,11:00,21:30,월~일요일 11:00~21:30 (브레이크타임 15:00~16:00) (마지막 주문 20:50) 연중 무휴
5,1,4,32,토,11:00,21:30,월~일요일 11:00~21:30 (브레이크타임 15:00~16:00) (마지막 주문 20:50) 연중 무휴
5,1,4,33,일,11:00,21:30,월~일요일 11:00~21:30 (브레이크타임 15:00~16:00) (마지막 주문 20:50) 연중 무휴
6,1,4,34,월,11:30,22:00,월~일요일 11:30~22:00 (마지막 주문 21:30) 명절 당일 휴무
6,1,4,35,화,11:30,22:00,월~일요일 11:30~22:00 (마지막 주문 21:30) 명절 당일 휴무
6,1,4,36,수,11:30,22:00,월~일요일 11:30~22:00 (마지막 주문 21:30) 명절 당일 휴무
6,1,4,37,목,11:30,22:00,월~일요일 11:30~22:00 (마지막 주문 21:30) 명절 당일 휴무
6,1,4,38,금,11:30,22:00,월~일요일 11:30~22:00 (마지막 주문 21:30) 명절 당일 휴무
6,1,4,39,토,11:30,22:00,월~일요일 11:30~22:00 (마지막 주문 21:30) 명절 당일 휴무
6,1,4,40,일,11:30,22:00,월~일요일 11:30~22:00 (마지막 주문 21:30) 명절 당일 휴무
7,1,5,41,월,11:00,22:00,"월~금요일 11:00~22:00 (브레이크타임 15:00~17:00) (마지막 주문 14:00, 21:00) 토요일 11:00~22:00 (브레이크타임 15:50~17:00) (마지막 주문 14:50, 21:00) 일요일 11:00~21:00 (브레이크타임 15:50~17:00) (마지막 주문 14:50, 20:00) 공휴일 11:00~15:50/17:00~22:00 명절 당일 휴무"
7,1,5,42,화,11:00,22:00,"월~금요일 11:00~22:00 (브레이크타임 15:00~17:00) (마지막 주문 14:00, 21:00) 토요일 11:00~22:00 (브레이크타임 15:50~17:00) (마지막 주문 14:50, 21:00) 일요일 11:00~21:00 (브레이크타임 15:50~17:00) (마지막 주문 14:50, 20:00) 공휴일 11:00~15:50/17:00~22:00 명절 당일 휴무"
7,1,5,43,수,11:00,22:00,"월~금요일 11:00~22:00 (브레이크타임 15:00~17:00) (마지막 주문 14:00, 21:00) 토요일 11:00~22:00 (브레이크타임 15:50~17:00) (마지막 주문 14:50, 21:00) 일요일 11:00~21:00 (브레이크타임 15:50~17:00) (마지막 주문 14:50, 20:00) 공휴일 11:00~15:50/17:00~22:00 명절 당일 휴무"
7,1,5,44,목,11:00,22:00,"월~금요일 11:00~22:00 (브레이크타임 15:00~17:00) (마지막 주문 14:00, 21:00) 토요일 11:00~22:00 (브레이크타임 15:50~17:00) (마지막 주문 14:50, 21:00) 일요일 11:00~21:00 (브레이크타임 15:50~17:00) (마지막 주문 14:50, 20:00) 공휴일 11:00~15:50/17:00~22:00 명절 당일 휴무"
7,1,5,45,금,11:00,22:00,"월~금요일 11:00~22:00 (브레이크타임 15:00~17:00) (마지막 주문 14:00, 21:00) 토요일 11:00~22:00 (브레이크타임 15:50~17:00) (마지막 주문 14:50, 21:00) 일요일 11:00~21:00 (브레이크타임 15:50~17:00) (마지막 주문 14:50, 20:00) 공휴일 11:00~15:50/17:00~22:00 명절 당일 휴무"
7,1,5,46,일,11:00,15:50,"월~금요일 11:00~22:00 (브레이크타임 15:00~17:00) (마지막 주문 14:00, 21:00) 토요일 11:00~22:00 (브레이크타임 15:50~17:00) (마지막 주문 14:50, 21:00) 일요일 11:00~21:00 (브레이크타임 15:50~17:00) (마지막 주문 14:50, 20:00) 공휴일 11:00~15:50/17:00~22:00 명절 당일 휴무"
8,1,5,47,월,10:00,20:00,월~토요일 10:00~20:00 매주 일요일 휴무
8,1,5,48,화,10:00,20:00,월~토요일 10:00~20:00 매주 일요일 휴무
8,1,5,49,수,10:00,20:00,월~토요일 10:00~20:00 매주 일요일 휴무
8,1,5,50,목,10:00,20:00,월~토요일 10:00~20:00 매주 일요일 휴무
8,1,5,51,금,10:00,20:00,월~토요일 10:00~20:00 매주 일요일 휴무
8,1,5,52,토,10:00,20:00,월~토요일 10:00~20:00 매주 일요일 휴무
9,1,5,53,월,17:30,00:30,월~일요일 17:30~00:30(다음날) 명절 연휴 휴무
9,1,5,54,화,17:30,00:30,월~일요일 17:30~00:30(다음날) 명절 연휴 휴무
9,1,5,55,수,17:30,00:30,월~일요일 17:30~00:30(다음날) 명절 연휴 휴무
9,1,5,56,목,17:30,00:30,월~일요일 17:30~00:30(다음날) 명절 연휴 휴무
9,1,5,57,금,17:30,00:30,월~일요일 17:30~00:30(다음날) 명절 연휴 휴무
9,1,5,58,토,17:30,00:30,월~일요일 17:30~00:30(다음날) 명절 연휴 휴무
9,1,5,59,일,17:30,00:30,월~일요일 17:30~00:30(다음날) 명절 연휴 휴무
10,1,6,60,화,11:30,22:00,"화~토요일 11:30~22:00 (브레이크타임 14:30~17:30) 매주 월,일요일 휴무"
10,1,6,61,수,11:30,22:00,"화~토요일 11:30~22:00 (브레이크타임 14:30~17:30) 매주 월,일요일 휴무"
10,1,6,62,목,11:30,22:00,"화~토요일 11:30~22:00 (브레이크타임 14:30~17:30) 매주 월,일요일 휴무"
10,1,6,63,금,11:30,22:00,"화~토요일 11:30~22:00 (브레이크타임 14:30~17:30) 매주 월,일요일 휴무"
10,1,6,64,토,11:30,22:00,"화~토요일 11:30~22:00 (브레이크타임 14:30~17:30) 매주 월,일요일 휴무"
11,1,7,65,화,11:30,22:00,"화~토요일 11:30~22:00 (브레이크타임 15:00~17:00) (마지막 주문 20:40) 매주 월,일요일 휴무"
11,1,7,66,수,11:30,22:00,"화~토요일 11:30~22:00 (브레이크타임 15:00~17:00) (마지막 주문 20:40) 매주 월,일요일 휴무"
11,1,7,67,목,11:30,22:00,"화~토요일 11:30~22:00 (브레이크타임 15:00~17:00) (마지막 주문 20:40) 매주 월,일요일 휴무"
11,1,7,68,금,11:30,22:00,"화~토요일 11:30~22:00 (브레이크타임 15:00~17:00) (마지막 주문 20:40) 매주 월,일요일 휴무"
11,1,7,69,토,11:30,22:00,"화~토요일 11:30~22:00 (브레이크타임 15:00~17:00) (마지막 주문 20:40) 매주 월,일요일 휴무"
12,1,7,70,월,11:30,22:00,월~일요일 11:30~22:00 (브레이크타임 15:00~17:30) (마지막 주문 20:30)
12,1,7,71,화,11:30,22:00,월~일요일 11:30~22:00 (브레이크타임 15:00~17:30) (마지막 주문 20:30)
12,1,7,72,수,11:30,22:00,월~일요일 11:30~22:00 (브레이크타임 15:00~17:30) (마지막 주문 20:30)
12,1,7,73,목,11:30,22:00,월~일요일 11:30~22:00 (브레이크타임 15:00~17:30) (마지막 주문 20:30)
12,1,7,74,금,11:30,22:00,월~일요일 11:30~22:00 (브레이크타임 15:00~17:30) (마지막 주문 20:30)
12,1,7,75,토,11:30,22:00,월~일요일 11:30~22:00 (브레이크타임 15:00~17:30) (마지막 주문 20:30)
12,1,7,76,일,11:30,22:00,월~일요일 11:30~22:00 (브레이크타임 15:00~17:30) (마지막 주문 20:30)
13,1,7,77,월,11:30,24:00,월~일요일 11:30~24:00(다음날) 명절 당일 휴무
13,1,7,78,화,11:30,24:00,월~일요일 11:30~24:00(다음날) 명절 당일 휴무
13,1,7,79,수,11:30,24:00,월~일요일 11:30~24:00(다음날) 명절 당일 휴무
13,1,7,80,목,11:30,24:00,월~일요일 11:30~24:00(다음날) 명절 당일 휴무
13,1,7,81,금,11:30,24:00,월~일요일 11:30~24:00(다음날) 명절 당일 휴무
13,1,7,82,토,11:30,24:00,월~일요일 11:30~24:00(다음날) 명절 당일 휴무
13,1,7,83,일,11:30,24:00,월~일요일 11:30~24:00(다음날) 명절 당일 휴무
14,1,8,84,월,11:30,21:50,월~토요일 11:30~21:50 (브레이크타임 15:00~17:30) (마지막 주문 20:50) 매주 일요일 휴무
14,1,8,85,화,11:30,21:50,월~토요일 11:30~21:50 (브레이크타임 15:00~17:30) (마지막 주문 20:50) 매주 일요일 휴무
14,1,8,86,수,11:30,21:50,월~토요일 11:30~21:50 (브레이크타임 15:00~17:30) (마지막 주문 20:50) 매주 일요일 휴무
14,1,8,87,목,11:30,21:50,월~토요일 11:30~21:50 (브레이크타임 15:00~17:30) (마지막 주문 20:50) 매주 일요일 휴무
14,1,8,88,금,11:30,21:50,월~토요일 11:30~21:50 (브레이크타임 15:00~17:30) (마지막 주문 20:50) 매주 일요일 휴무
14,1,8,89,토,11:30,21:50,월~토요일 11:30~21:50 (브레이크타임 15:00~17:30) (마지막 주문 20:50) 매주 일요일 휴무
15,1,8,90,화,11:00,21:00,화~일요일 11:00~21:00 (브레이크타임 15:00~17:00) 매주 월요일 휴무
15,1,8,91,수,11:00,21:00,화~일요일 11:00~21:00 (브레이크타임 15:00~17:00) 매주 월요일 휴무
15,1,8,92,목,11:00,21:00,화~일요일 11:00~21:00 (브레이크타임 15:00~17:00) 매주 월요일 휴무
15,1,8,93,금,11:00,21:00,화~일요일 11:00~21:00 (브레이크타임 15:00~17:00) 매주 월요일 휴무
15,1,8,94,토,11:00,21:00,화~일요일 11:00~21:00 (브레이크타임 15:00~17:00) 매주 월요일 휴무
15,1,8,95,일,11:00,21:00,화~일요일 11:00~21:00 (브레이크타임 15:00~17:00) 매주 월요일 휴무
17,1,9,96,월,11:00,22:00,월~일요일 11:00~22:00 연중 무휴
17,1,9,97,화,11:00,22:00,월~일요일 11:00~22:00 연중 무휴
17,1,9,98,수,11:00,22:00,월~일요일 11:00~22:00 연중 무휴
17,1,9,99,목,11:00,22:00,월~일요일 11:00~22:00 연중 무휴
17,1,9,100,금,11:00,22:00,월~일요일 11:00~22:00 연중 무휴
17,1,9,101,토,11:00,22:00,월~일요일 11:00~22:00 연중 무휴
17,1,9,102,일,11:00,22:00,월~일요일 11:00~22:00 연중 무휴
18,1,11,103,월,11:30,22:00,월~일요일 11:30~22:00 (브레이크타임 15:30~16:30) 연중 무휴
18,1,11,104,화,11:30,22:00,월~일요일 11:30~22:00 (브레이크타임 15:30~16:30) 연중 무휴
18,1,11,105,수,11:30,22:00,월~일요일 11:30~22:00 (브레이크타임 15:30~16:30) 연중 무휴
18,1,11,106,목,11:30,22:00,월~일요일 11:30~22:00 (브레이크타임 15:30~16:30) 연중 무휴
18,1,11,107,금,11:30,22:00,월~일요일 11:30~22:00 (브레이크타임 15:30~16:30) 연중 무휴
18,1,11,108,토,11:30,22:00,월~일요일 11:30~22:00 (브레이크타임 15:30~16:30) 연중 무휴
18,1,11,109,일,11:30,22:00,월~일요일 11:30~22:00 (브레이크타임 15:30~16:30) 연중 무휴
19,1,13,110,월,11:30,22:00,월~일요일 11:30~22:00 (브레이크타임 15:00~17:30) (마지막 주문 21:00) 명절 연휴 휴무
19,1,13,111,화,11:30,22:00,월~일요일 11:30~22:00 (브레이크타임 15:00~17:30) (마지막 주문 21:00) 명절 연휴 휴무
19,1,13,112,수,11:30,22:00,월~일요일 11:30~22:00 (브레이크타임 15:00~17:30) (마지막 주문 21:00) 명절 연휴 휴무
19,1,13,113,목,11:30,22:00,월~일요일 11:30~22:00 (브레이크타임 15:00~17:30) (마지막 주문 21:00) 명절 연휴 휴무
19,1,13,114,금,11:30,22:00,월~일요일 11:30~22:00 (브레이크타임 15:00~17:30) (마지막 주문 21:00) 명절 연휴 휴무
19,1,13,115,토,11:30,22:00,월~일요일 11:30~22:00 (브레이크타임 15:00~17:30) (마지막 주문 21:00) 명절 연휴 휴무
19,1,13,116,일,11:30,22:00,월~일요일 11:30~22:00 (브레이크타임 15:00~17:30) (마지막 주문 21:00) 명절 연휴 휴무
20,1,13,117,월,11:30,22:00,월~일요일 11:30~22:00 (마지막 주문 20:20) 명절 연휴 휴무
20,1,13,118,화,11:30,22:00,월~일요일 11:30~22:00 (마지막 주문 20:20) 명절 연휴 휴무
20,1,13,119,수,11:30,22:00,월~일요일 11:30~22:00 (마지막 주문 20:20) 명절 연휴 휴무
20,1,13,120,목,11:30,22:00,월~일요일 11:30~22:00 (마지막 주문 20:20) 명절 연휴 휴무
20,1,13,121,금,11:30,22:00,월~일요일 11:30~22:00 (마지막 주문 20:20) 명절 연휴 휴무
20,1,13,122,토,11:30,22:00,월~일요일 11:30~22:00 (마지막 주문 20:20) 명절 연휴 휴무
20,1,13,123,일,11:30,22:00,월~일요일 11:30~22:00 (마지막 주문 20:20) 명절 연휴 휴무
21,1,14,124,화,11:30,22:00,화~일요일 11:30~22:00 (브레이크타임 15:00~17:00) 매주 월요일 휴무
21,1,14,125,수,11:30,22:00,화~일요일 11:30~22:00 (브레이크타임 15:00~17:00) 매주 월요일 휴무
21,1,14,126,목,11:30,22:00,화~일요일 11:30~22:00 (브레이크타임 15:00~17:00) 매주 월요일 휴무
21,1,14,127,금,11:30,22:00,화~일요일 11:30~22:00 (브레이크타임 15:00~17:00) 매주 월요일 휴무
21,1,14,128,토,11:30,22:00,화~일요일 11:30~22:00 (브레이크타임 15:00~17:00) 매주 월요일 휴무
21,1,14,129,일,11:30,22:00,화~일요일 11:30~22:00 (브레이크타임 15:00~17:00) 매주 월요일 휴무
22,1,15,130,월,11:00,21:30,"월~일요일 11:00~21:30 (브레이크타임 15:00~16:00) (마지막 주문 14:00, 20:30) 명절 연휴 휴무"
22,1,15,131,화,11:00,21:30,"월~일요일 11:00~21:30 (브레이크타임 15:00~16:00) (마지막 주문 14:00, 20:30) 명절 연휴 휴무"
22,1,15,132,수,11:00,21:30,"월~일요일 11:00~21:30 (브레이크타임 15:00~16:00) (마지막 주문 14:00, 20:30) 명절 연휴 휴무"
22,1,15,133,목,11:00,21:30,"월~일요일 11:00~21:30 (브레이크타임 15:00~16:00) (마지막 주문 14:00, 20:30) 명절 연휴 휴무"
22,1,15,134,금,11:00,21:30,"월~일요일 11:00~21:30 (브레이크타임 15:00~16:00) (마지막 주문 14:00, 20:30) 명절 연휴 휴무"
22,1,15,135,토,11:00,21:30,"월~일요일 11:00~21:30 (브레이크타임 15:00~16:00) (마지막 주문 14:00, 20:30) 명절 연휴 휴무"
22,1,15,136,일,11:00,21:30,"월~일요일 11:00~21:30 (브레이크타임 15:00~16:00) (마지막 주문 14:00, 20:30) 명절 연휴 휴무"
23,1,15,137,월,15:00,20:30,"월요일, 수~일요일 15:00~20:30 매주 화요일 휴무"
23,1,15,138,수,15:00,20:30,"월요일, 수~일요일 15:00~20:30 매주 화요일 휴무"
23,1,15,139,목,15:00,20:30,"월요일, 수~일요일 15:00~20:30 매주 화요일 휴무"
23,1,15,140,금,15:00,20:30,"월요일, 수~일요일 15:00~20:30 매주 화요일 휴무"
23,1,15,141,토,15:00,20:30,"월요일, 수~일요일 15:00~20:30 매주 화요일 휴무"
23,1,15,142,일,15:00,20:30,"월요일, 수~일요일 15:00~20:30 매주 화요일 휴무"
24,1,16,143,월,11:00,23:00,월~일요일 11:00~23:00 연중 무휴
24,1,16,144,화,11:00,23:00,월~일요일 11:00~23:00 연중 무휴
24,1,16,145,수,11:00,23:00,월~일요일 11:00~23:00 연중 무휴
24,1,16,146,목,11:00,23:00,월~일요일 11:00~23:00 연중 무휴
24,1,16,147,금,11:00,23:00,월~일요일 11:00~23:00 연중 무휴
24,1,16,148,토,11:00,23:00,월~일요일 11:00~23:00 연중 무휴
24,1,16,149,일,11:00,23:00,월~일요일 11:00~23:00 연중 무휴
26,1,18,150,화,11:30,22:00,화~금요일 11:30~22:00 (브레이크타임 15:00~17:00) (마지막 주문 20:20) 토~일요일 11:30~22:00 (마지막 주문 20:20) 매주 월요일 휴무
26,1,18,151,수,11:30,22:00,화~금요일 11:30~22:00 (브레이크타임 15:00~17:00) (마지막 주문 20:20) 토~일요일 11:30~22:00 (마지막 주문 20:20) 매주 월요일 휴무
26,1,18,152,목,11:30,22:00,화~금요일 11:30~22:00 (브레이크타임 15:00~17:00) (마지막 주문 20:20) 토~일요일 11:30~22:00 (마지막 주문 20:20) 매주 월요일 휴무
26,1,18,153,금,11:30,22:00,화~금요일 11:30~22:00 (브레이크타임 15:00~17:00) (마지막 주문 20:20) 토~일요일 11:30~22:00 (마지막 주문 20:20) 매주 월요일 휴무
26,1,18,154,토,11:30,22:00,화~금요일 11:30~22:00 (브레이크타임 15:00~17:00) (마지막 주문 20:20) 토~일요일 11:30~22:00 (마지막 주문 20:20) 매주 월요일 휴무
26,1,18,155,일,11:30,22:00,화~금요일 11:30~22:00 (브레이크타임 15:00~17:00) (마지막 주문 20:20) 토~일요일 11:30~22:00 (마지막 주문 20:20) 매주 월요일 휴무
28,1,21,156,월,11:30,21:30,월~일요일 11:30~21:30 (브레이크타임 15:30~17:00) (마지막 주문 20:50) 연중 무휴
28,1,21,157,화,11:30,21:30,월~일요일 11:30~21:30 (브레이크타임 15:30~17:00) (마지막 주문 20:50) 연중 무휴
28,1,21,158,수,11:30,21:30,월~일요일 11:30~21:30 (브레이크타임 15:30~17:00) (마지막 주문 20:50) 연중 무휴
28,1,21,159,목,11:30,21:30,월~일요일 11:30~21:30 (브레이크타임 15:30~17:00) (마지막 주문 20:50) 연중 무휴
28,1,21,160,금,11:30,21:30,월~일요일 11:30~21:30 (브레이크타임 15:30~17:00) (마지막 주문 20:50) 연중 무휴
28,1,21,161,토,11:30,21:30,월~일요일 11:30~21:30 (브레이크타임 15:30~17:00) (마지막 주문 20:50) 연중 무휴
28,1,21,162,일,11:30,21:30,월~일요일 11:30~21:30 (브레이크타임 15:30~17:00) (마지막 주문 20:50) 연중 무휴
29,1,22,163,월,11:30,22:00,월~금요일 11:30~22:00 (브레이크타임 15:30~17:30) (마지막 주문 21:00) 토~일요일 11:30~22:00 (마지막 주문 21:00) 명절 당일 휴무
29,1,22,164,화,11:30,22:00,월~금요일 11:30~22:00 (브레이크타임 15:30~17:30) (마지막 주문 21:00) 토~일요일 11:30~22:00 (마지막 주문 21:00) 명절 당일 휴무
29,1,22,165,수,11:30,22:00,월~금요일 11:30~22:00 (브레이크타임 15:30~17:30) (마지막 주문 21:00) 토~일요일 11:30~22:00 (마지막 주문 21:00) 명절 당일 휴무
29,1,22,166,목,11:30,22:00,월~금요일 11:30~22:00 (브레이크타임 15:30~17:30) (마지막 주문 21:00) 토~일요일 11:30~22:00 (마지막 주문 21:00) 명절 당일 휴무
29,1,22,167,금,11:30,22:00,월~금요일 11:30~22:00 (브레이크타임 15:30~17:30) (마지막 주문 21:00) 토~일요일 11:30~22:00 (마지막 주문 21:00) 명절 당일 휴무
29,1,22,168,토,11:30,22:00,월~금요일 11:30~22:00 (브레이크타임 15:30~17:30) (마지막 주문 21:00) 토~일요일 11:30~22:00 (마지막 주문 21:00) 명절 당일 휴무
29,1,22,169,일,11:30,22:00,월~금요일 11:30~22:00 (브레이크타임 15:30~17:30) (마지막 주문 21:00) 토~일요일 11:30~22:00 (마지막 주문 21:00) 명절 당일 휴무
32,1,22,170,월,11:30,22:00,월~일요일 11:30~22:00 (마지막 주문 21:30) 연중 무휴
32,1,22,171,화,11:30,22:00,월~일요일 11:30~22:00 (마지막 주문 21:30) 연중 무휴
32,1,22,172,수,11:30,22:00,월~일요일 11:30~22:00 (마지막 주문 21:30) 연중 무휴
32,1,22,173,목,11:30,22:00,월~일요일 11:30~22:00 (마지막 주문 21:30) 연중 무휴
32,1,22,174,금,11:30,22:00,월~일요일 11:30~22:00 (마지막 주문 21:30) 연중 무휴
32,1,22,175,토,11:30,22:00,월~일요일 11:30~22:00 (마지막 주문 21:30) 연중 무휴
32,1,22,176,일,11:30,22:00,월~일요일 11:30~22:00 (마지막 주문 21:30) 연중 무휴
33,1,22,177,월,11:30,21:00,"월~토요일 11:30~21:00 (브레이크타임 15:00~17:00) (마지막 주문 14:00, 20:00) 매주 일요일 휴무"
33,1,22,178,화,11:30,21:00,"월~토요일 11:30~21:00 (브레이크타임 15:00~17:00) (마지막 주문 14:00, 20:00) 매주 일요일 휴무"
33,1,22,179,수,11:30,21:00,"월~토요일 11:30~21:00 (브레이크타임 15:00~17:00) (마지막 주문 14:00, 20:00) 매주 일요일 휴무"
33,1,22,180,목,11:30,21:00,"월~토요일 11:30~21:00 (브레이크타임 15:00~17:00) (마지막 주문 14:00, 20:00) 매주 일요일 휴무"
33,1,22,181,금,11:30,21:00,"월~토요일 11:30~21:00 (브레이크타임 15:00~17:00) (마지막 주문 14:00, 20:00) 매주 일요일 휴무"
33,1,22,182,토,11:30,21:00,"월~토요일 11:30~21:00 (브레이크타임 15:00~17:00) (마지막 주문 14:00, 20:00) 매주 일요일 휴무"
34,1,23,183,월,11:30,22:00,월~일요일 11:30~22:00 (브레이크타임 15:00~17:30) (마지막 주문 20:30) 연중 무휴
34,1,23,184,화,11:30,22:00,월~일요일 11:30~22:00 (브레이크타임 15:00~17:30) (마지막 주문 20:30) 연중 무휴
34,1,23,185,수,11:30,22:00,월~일요일 11:30~22:00 (브레이크타임 15:00~17:30) (마지막 주문 20:30) 연중 무휴
34,1,23,186,목,11:30,22:00,월~일요일 11:30~22:00 (브레이크타임 15:00~17:30) (마지막 주문 20:30) 연중 무휴
34,1,23,187,금,11:30,22:00,월~일요일 11:30~22:00 (브레이크타임 15:00~17:30) (마지막 주문 20:30) 연중 무휴
34,1,23,188,토,11:30,22:00,월~일요일 11:30~22:00 (브레이크타임 15:00~17:30) (마지막 주문 20:30) 연중 무휴
34,1,23,189,일,11:30,22:00,월~일요일 11:30~22:00 (브레이크타임 15:00~17:30) (마지막 주문 20:30) 연중 무휴
